A friend is one who knows you and loves you just the same.,Elbert Hubbard,friendship
Don't walk behind me I may not lead. Don't walk in front of me I may not follow. Just walk beside me and be my friend.,Albert Camus,friendship
"An insincere and evil friend is more to be feared than a wild beast a wild beast may wound your body, but an evil friend will wound your mind.",Buddha,friendship
"Friendship... is not something you learn in school. But if you haven't learned the meaning of friendship, you really haven't learned anything.",Muhammad Ali,friendship
"Lots of people want to ride with you in the limo, but what you want is someone who will take the bus with you when the limo breaks down.",Oprah Winfrey,friendship
"When we honestly ask ourselves which person in our lives means the most to us, we often find that it is those who, instead of giving advice, solutions, or cures, have chosen rather to share our pain and touch our wounds with a warm and tender hand.",Henri Nouwen,friendship
"In everyone's life, at some time, our inner fire goes out. It is then burst into flame by an encounter with another human being. We should all be thankful for those people who rekindle the inner spirit.",Albert Schweitzer,friendship
"A friend should be one in whose understanding and virtue we can equally confide, and whose opinion we can value at once for its justness and its sincerity.",Robert Hall,friendship
One of the most beautiful qualities of true friendship is to understand and to be understood.,Lucius Annaeus Seneca,friendship
A true friend never gets in your way unless you happen to be going down.,Arnold H. Glasow,friendship
"A single rose can be my garden... a single friend, my world.",Leo Buscaglia,friendship
"A friendship can weather most things and thrive in thin soil but it needs a little mulch of letters and phone calls and small, silly presents every so often - just to save it from drying out completely.",Pam Brown,friendship
"I value the friend who for me finds time on his calendar, but I cherish the friend who for me does not consult his calendar.",Robert Brault,friendship
"Let us be grateful to people who make us happy, they are the charming gardeners who make our souls blossom.",Marcel Proust,friendship
"Be courteous to all, but intimate with few, and let those few be well tried before you give them your confidence.",George Washington,friendship
"Think where man's glory most begins and ends, and say my glory was I had such friends.",William Butler Yeats,friendship
"Friendship is unnecessary, like philosophy, like art... It has no survival value rather it is one of those things that give value to survival.",C. S. Lewis,friendship
"The friend who can be silent with us in a moment of despair or confusion, who can stay with us in an hour of grief and bereavement, who can tolerate not knowing... not healing, not curing... that is a friend who cares.",Henri Nouwen,friendship
True friends stab you in the front.,Oscar Wilde,friendship
It is one of the blessings of old friends that you can afford to be stupid with them.,Ralph Waldo Emerson,friendship
A friend is someone who gives you total freedom to be yourself.,Jim Morrison,friendship
"A true friend freely, advises justly, assists readily, adventures boldly, takes all patiently, defends courageously, and continues a friend unchangeably.",William Penn,friendship
A friend to all is a friend to none.,Aristotle,friendship
Friendship is a single soul dwelling in two bodies.,Aristotle,friendship
"But friendship is precious, not only in the shade, but in the sunshine of life, and thanks to a benevolent arrangement the greater part of life is sunshine.",Thomas Jefferson,friendship
Walking with a friend in the dark is better than walking alone in the light.,Helen Keller,friendship
Friends and good manners will carry you where money won't go.,Margaret Walker,friendship
"I cannot even imagine where I would be today were it not for that handful of friends who have given me a heart full of joy. Let's face it, friends make life a lot more fun.",Charles R. Swindoll,friendship
Am I not destroying my enemies when I make friends of them?,Abraham Lincoln,friendship
"In the sweetness of friendship let there be laughter, and sharing of pleasures. For in the dew of little things the heart finds its morning and is refreshed.",Khalil Gibran,friendship
"Friends show their love in times of trouble, not in happiness.",Euripides,friendship
Never explain - your friends do not need it and your enemies will not believe you anyway.,Elbert Hubbard,friendship
"It is only the great hearted who can be true friends. The mean and cowardly, Can never know what true friendship means.",Charles Kingsley,friendship
The friend in my adversity I shall always cherish most. I can better trust those who helped to relieve the gloom of my dark hours than those who are so ready to enjoy with me the sunshine of my prosperity.,Ulysses S. Grant,friendship
I don't need a friend who changes when I change and who nods when I nod my shadow does that much better.,Plutarch,friendship
A hug is like a boomerang - you get it back right away.,Bil Keane,friendship
"Each friend represents a world in us, a world not born until they arrive, and it is only by this meeting that a new world is born.",Anais Nin,friendship
My best friend is the man who in wishing me well wishes it for my sake.,Aristotle,friendship
A true friend is someone who is there for you when he'd rather be anywhere else.,Len Wein,friendship
"So long as the memory of certain beloved friends lives in my heart, I shall say that life is good.",Helen Keller,friendship
The only way to have a friend is to be one.,Ralph Waldo Emerson,friendship
"Be true to your work, your word, and your friend.",Henry David Thoreau,friendship
There is nothing on this earth more to be prized than true friendship.,Thomas Aquinas,friendship
"Rare as is true love, true friendship is rarer.",Jean de La Fontaine,friendship
"When you choose your friends, don't be short-changed by choosing personality over character.",W. Somerset Maugham,friendship
"The friend is the man who knows all about you, and still likes you.",Elbert Hubbard,friendship
A friendship founded on business is better than a business founded on friendship.,John D. Rockefeller,friendship
The language of friendship is not words but meanings.,Henry David Thoreau,friendship
An excellent man he has no enemies and none of his friends like him.,Oscar Wilde,friendship
"Be slow to fall into friendship but when thou art in, continue firm and constant.",Socrates,friendship
"Men kick friendship around like a football, but it doesn't seem to crack. Women treat it like glass and it goes to pieces.",Anne Morrow Lindbergh,friendship
"Wishing to be friends is quick work, but friendship is a slow ripening fruit.",Aristotle,friendship
It is more shameful to distrust our friends than to be deceived by them.,Confucius,friendship
It's the friends you can call up at 4 a.m. that matter.,Marlene Dietrich,friendship
The most I can do for my friend is simply be his friend.,Henry David Thoreau,friendship
Friends... they cherish one another's hopes. They are kind to one another's dreams.,Henry David Thoreau,friendship
I have friends in overalls whose friendship I would not swap for the favor of the kings of the world.,Thomas A. Edison,friendship
"Laughter is not at all a bad beginning for a friendship, and it is far the best ending for one.",Oscar Wilde,friendship
You can always tell a real friend: when you've made a fool of yourself he doesn't feel you've done a permanent job.,Laurence J. Peter,friendship
"He has no enemies, but is intensely disliked by his friends.",Oscar Wilde,friendship
A man's growth is seen in the successive choirs of his friends.,Ralph Waldo Emerson,friendship
Love is blind friendship closes its eyes.,Friedrich Nietzsche,friendship
A friend may well be reckoned the masterpiece of nature.,Ralph Waldo Emerson,friendship
"If it's very painful for you to criticize your friends - you're safe in doing it. But if you take the slightest pleasure in it, that's the time to hold your tongue.",Alice Duer Miller,friendship
True friendship can afford true knowledge. It does not depend on darkness and ignorance.,Henry David Thoreau,friendship
Never make friends with people who are above or below you in status. Such friendships will never give you any happiness.,Chanakya,friendship
The world is round so that friendship may encircle it.,Pierre Teilhard de Chardin,friendship
My best friend is the one who brings out the best in me.,Henry Ford,friendship
What is a friend? A single soul dwelling in two bodies.,Aristotle,friendship
"Be slow in choosing a friend, slower in changing.",Benjamin Franklin,friendship
"The greatest gift of life is friendship, and I have received it.",Hubert H. Humphrey,friendship
He who hath many friends hath none.,Aristotle,friendship
"There is a magnet in your heart that will attract true friends. That magnet is unselfishness, thinking of others first when you learn to live for others, they will live for you.",Paramahansa Yogananda,friendship
Silences make the real conversations between friends. Not the saying but the never needing to say is what counts.,Margaret Lee Runbeck,friendship
Nothing but heaven itself is better than a friend who is really a friend.,Plautus,friendship
"Our friends interpret the world and ourselves to us, if we take them tenderly and truly.",Amos Bronson Alcott,friendship
Let there be no purpose in friendship save the deepening of the spirit.,Khalil Gibran,friendship
A friend is one who walks in when others walk out.,Walter Winchell,friendship
Never contract friendship with a man that is not better than thyself.,Confucius,friendship
The sincere friends of this world are as ship lights in the stormiest of nights.,Giotto di Bondone,friendship
There is some self-interest behind every friendship. There is no friendship without self-interests. This is a bitter truth.,Chanakya,friendship
"She is a friend of mind. She gather me, man. The pieces I am, she gather them and give them back to me in all the right order. It's good, you know, when you got a woman who is a friend of your mind.",Toni Morrison,friendship
"Rejoicing in our joy, not suffering over our suffering, makes someone a friend.",Friedrich Nietzsche,friendship
Friendship and money: oil and water.,Mario Puzo,friendship
A true friend is one who overlooks your failures and tolerates your success!,Doug Larson,friendship
If you have one true friend you have more than your share.,Thomas Fuller,friendship
"A true friend is the greatest of all blessings, and that which we take the least care of all to acquire.",Francois de La Rochefoucauld,friendship
"We call that person who has lost his father, an orphan and a widower that man who has lost his wife. But that man who has known the immense unhappiness of losing a friend, by what name do we call him? Here every language is silent and holds its peace in impotence.",Joseph Roux,friendship
"A quarrel between friends, when made up, adds a new tie to friendship.",Saint Francis de Sales,friendship
Lovers have a right to betray you... friends don't.,Judy Holliday,friendship
"No person is your friend who demands your silence, or denies your right to grow.",Alice Walker,friendship
"I always felt that the great high privilege, relief and comfort of friendship was that one had to explain nothing.",Katherine Mansfield,friendship
Friendship is one mind in two bodies.,Mencius,friendship
A man cannot be said to succeed in this life who does not satisfy one friend.,Henry David Thoreau,friendship
It takes a long time to grow an old friend.,John Leonard,friendship
"It is not so much our friends' help that helps us, as the confidence of their help.",Epicurus,friendship
Sometimes being a friend means mastering the art of timing. There is a time for silence. A time to let go and allow people to hurl themselves into their own destiny. And a time to prepare to pick up the pieces when it's all over.,Octavia Butler,friendship
"If instead of a gem, or even a flower, we should cast the gift of a loving thought into the heart of a friend, that would be giving as the angels give.",George MacDonald,friendship
Friendship multiplies the good of life and divides the evil.,Baltasar Gracian,friendship
"But friendship is the breathing rose, with sweets in every fold.",Oliver Wendell Holmes,friendship
Friendship is certainly the finest balm for the pangs of disappointed love.,Jane Austen,friendship
Fear makes strangers of people who would be friends.,Shirley MacLaine,friendship
"To avoid being mistaken for a sellout, I chose my friends carefully. The more politically active black students. The foreign students. The Chicanos. The Marxist professors and structural feminists and punk-rock performance poets.",Barack Obama,friendship
Friendship needs no words - it is solitude delivered from the anguish of loneliness.,Dag Hammarskjold,friendship
A man's friendships are one of the best measures of his worth.,Charles Darwin,friendship
"A friend is, as it were, a second self.",Marcus Tullius Cicero,friendship
"Friendship is held to be the severest test of character. It is easy, we think, to be loyal to a family and clan, whose blood is in your own veins.",Charles Alexander Eastman,friendship
I have learned that to be with those I like is enough.,Walt Whitman,friendship
Some people go to priests others to poetry I to my friends.,Virginia Woolf,friendship
"The bird a nest, the spider a web, man friendship.",William Blake,friendship
"As iron sharpens iron, so a friend sharpens a friend.",King Solomon,friendship
"Yes'm, old friends is always best, 'less you can catch a new one that's fit to make an old one out of.",Sarah Orne Jewett,friendship
"It is important to our friends to believe that we are unreservedly frank with them, and important to friendship that we are not.",Mignon McLaughlin,friendship
"Without wearing any mask we are conscious of, we have a special face for each friend.",Oliver Wendell Holmes,friendship
Never have a companion that casts you in the shade.,Baltasar Gracian,friendship
The real test of friendship is: can you literally do nothing with the other person? Can you enjoy those moments of life that are utterly simple?,Eugene Kennedy,friendship
"Friendship improves happiness and abates misery, by the doubling of our joy and the dividing of our grief.",Marcus Tullius Cicero,friendship
"Since there is nothing so well worth having as friends, never lose a chance to make them.",Francesco Guicciardini,friendship
Cherish your human connections: your relationships with friends and family.,Joseph Brodsky,friendship
"Sweet is the memory of distant friends! Like the mellow rays of the departing sun, it falls tenderly, yet sadly, on the heart.",Washington Irving,friendship
Life has no blessing like a prudent friend.,Euripides,friendship
Love demands infinitely less than friendship.,George Jean Nathan,friendship
"Many a person has held close, throughout their entire lives, two friends that always remained strange to one another, because one of them attracted by virtue of similarity, the other by difference.",Emil Ludwig,friendship
"Friendship at first sight, like love at first sight, is said to be the only truth.",Herman Melville,friendship
All you need to do to be my friend is like me.,Taylor Swift,friendship
"Friends are born, not made.",Henry Adams,friendship
Nothing so fortifies a friendship as a belief on the part of one friend that he is superior to the other.,Honore de Balzac,friendship
"There is no friend like an old friend who has shared our morning days, no greeting like his welcome, no homage like his praise.","Oliver Wendell Holmes, Jr.",friendship
One's friends are that part of the human race with which one can be human.,George Santayana,friendship
"It seems to me that trying to live without friends is like milking a bear to get cream for your morning coffee. It is a whole lot of trouble, and then not worth much after you get it.",Zora Neale Hurston,friendship
"When a friend is in trouble, don't annoy him by asking if there is anything you can do. Think up something appropriate and do it.",E. W. Howe,friendship
Instead of loving your enemies - treat your friends a little better.,E. W. Howe,friendship
Mighty proud I am that I am able to have a spare bed for my friends.,Samuel Pepys,friendship
The best time to make friends is before you need them.,Ethel Barrymore,friendship
That friendship will not continue to the end which is begun for an end.,Francis Quarles,friendship
"Love is like a friendship caught on fire. In the beginning a flame, very pretty, often hot and fierce, but still only light and flickering. As love grows older, our hearts mature and our love becomes as coals, deep-burning and unquenchable.",Bruce Lee,friendship
"We're born alone, we live alone, we die alone. Only through our love and friendship can we create the illusion for the moment that we're not alone.",Orson Welles,friendship
"Friendship is always a sweet responsibility, never an opportunity.",Khalil Gibran,friendship
"It is not a lack of love, but a lack of friendship that makes unhappy marriages.",Friedrich Nietzsche,friendship
"Between men and women there is no friendship possible. There is passion, enmity, worship, love, but no friendship.",Oscar Wilde,friendship
"Love is friendship that has caught fire. It is quiet understanding, mutual confidence, sharing and forgiving. It is loyalty through good and bad times. It settles for less than perfection and makes allowances for human weaknesses.",Ann Landers,friendship
"If we listened to our intellect, we'd never have a love affair. We'd never have a friendship. We'd never go into business, because we'd be cynical. Well, that's nonsense. You've got to jump off cliffs all the time and build your wings on the way down.",Ray Bradbury,friendship
Friendship often ends in love but love in friendship - never.,Charles Caleb Colton,friendship
"Be true to yourself, help others, make each day your masterpiece, make friendship a fine art, drink deeply from good books - especially the Bible, build a shelter against a rainy day, give thanks for your blessings and pray for guidance every day.",John Wooden,friendship
"True friendship multiplies the good in life and divides its evils. Strive to have friends, for life without friends is like life on a desert island... to find one real friend in a lifetime is good fortune to keep him is a blessing.",Baltasar Gracian,friendship
"Peace and friendship with all mankind is our wisest policy, and I wish we may be permitted to pursue it.",Thomas Jefferson,friendship
"Friendship with ones self is all important, because without it one cannot be friends with anyone else in the world.",Eleanor Roosevelt,friendship
Friendship is but another name for an alliance with the follies and the misfortunes of others. Our own share of miseries is sufficient: why enter then as volunteers into those of another?,Thomas Jefferson,friendship
Eros will have naked bodies Friendship naked personalities.,C. S. Lewis,friendship
"Peace, commerce and honest friendship with all nations entangling alliances with none.",Thomas Jefferson,friendship
"True friendship is a plant of slow growth, and must undergo and withstand the shocks of adversity, before it is entitled to the appellation.",George Washington,friendship
"A friendship that like love is warm A love like friendship, steady.",Thomas Moore,friendship
True friendship ought never to conceal what it thinks.,St. Jerome,friendship
"A woman may very well form a friendship with a man, but for this to endure, it must be assisted by a little physical antipathy.",Friedrich Nietzsche,friendship
Love is a friendship set to music.,Joseph Campbell,friendship
"The two most misused words in the entire English vocabulary are love and friendship. A true friend would die for you, so when you start trying to count them on one hand, you don't need any fingers.",Larry Flynt,friendship
All lasting business is built on friendship.,Alfred A. Montapert,friendship
"Friendship is the shadow of the evening, which increases with the setting sun of life.",Jean de La Fontaine,friendship
"Friendship, like the immortality of the soul, is too good to be believed.",Ralph Waldo Emerson,friendship
"Perfect friendship is the friendship of men who are good, and alike in excellence for these wish well alike to each other qua good, and they are good in themselves.",Aristotle,friendship
The greatest healing therapy is friendship and love.,Hubert H. Humphrey,friendship
Friendship is essentially a partnership.,Aristotle,friendship
"Experts on romance say for a happy marriage there has to be more than a passionate love. For a lasting union, they insist, there must be a genuine liking for each other. Which, in my book, is a good definition for friendship.",Marilyn Monroe,friendship
"Friendship may, and often does, grow into love, but love never subsides into friendship.",Lord Byron,friendship
"A tree is known by its fruit a man by his deeds. A good deed is never lost he who sows courtesy reaps friendship, and he who plants kindness gathers love.",Saint Basil,friendship
"False friendship, like the ivy, decays and ruins the walls it embraces but true friendship gives new life and animation to the object it supports.",Richard Burton,friendship
"I had three chairs in my house one for solitude, two for friendship, three for society.",Henry David Thoreau,friendship
I think it's important to have closure in any relationship that ends - from a romantic relationship to a friendship. You should always have a sense of clarity at the end and know why it began and why it ended. You need that in your life to move cleanly into your next phase.,Jennifer Aniston,friendship
Friendship is a plant of slow growth and must undergo and withstand the shocks of adversity before it is entitled to the appellation.,George Washington,friendship
Depth of friendship does not depend on length of acquaintance.,Rabindranath Tagore,friendship
"Friendship, like credit, is highest when it is not used.",Elbert Hubbard,friendship
"The rule of friendship means there should be mutual sympathy between them, each supplying what the other lacks and trying to benefit the other, always using friendly and sincere words.",Marcus Tullius Cicero,friendship
How can sincerity be a condition of friendship? A taste for truth at any cost is a passion which spares nothing.,Albert Camus,friendship
"It may happen sometimes that a long debate becomes the cause of a longer friendship. Commonly, those who dispute with one another at last agree.",Elbert Hubbard,friendship
Friendship is two-sided. It isn't a friend just because someone's doing something nice for you. That's a nice person. There's friendship when you do for each other. It's like marriage - it's two-sided.,John Wooden,friendship
"One's life has value so long as one attributes value to the life of others, by means of love, friendship, indignation and compassion.",Simone de Beauvoir,friendship
"Dad needs to show an incredible amount of respect and humor and friendship toward his mate so the kids understand their parents are sexy, they're fun, they do things together, they're best friends. Kids learn by example. If I respect Mom, they're going to respect Mom.",Tim Allen,friendship
"There is something in the unselfish and self-sacrificing love of a brute, which goes directly to the heart of him who has had frequent occasion to test the paltry friendship and gossamer fidelity of mere Man.",Edgar Allan Poe,friendship
"There is no friendship, no love, like that of the parent for the child.",Henry Ward Beecher,friendship
The essence of true friendship is to make allowance for another's little lapses.,David Storey,friendship
"The Bush Administration's failure to be consistently involved in helping Israel achieve peace with the Palestinians has been both wrong for our friendship with Israel, as well as badly damaging to our standing in the Arab world.",Barack Obama,friendship
"What I cannot love, I overlook. Is that real friendship?",Anais Nin,friendship
"Friendship is the marriage of the soul, and this marriage is liable to divorce.",Voltaire,friendship
"Friendship marks a life even more deeply than love. Love risks degenerating into obsession, friendship is never anything but sharing.",Elie Wiesel,friendship
"It is one of the severest tests of friendship to tell your friend his faults. So to love a man that you cannot bear to see a stain upon him, and to speak painful truth through loving words, that is friendship.",Henry Ward Beecher,friendship
True friendship is like sound health the value of it is seldom known until it is lost.,Charles Caleb Colton,friendship
"What sweetness is left in life, if you take away friendship? Robbing life of friendship is like robbing the world of the sun. A true friend is more to be esteemed than kinsfolk.",Marcus Tullius Cicero,friendship
Friendship is a pretty full-time occupation if you really are friendly with somebody. You can't have too many friends because then you're just not really friends.,Truman Capote,friendship
Marriage: A friendship recognized by the police.,Robert Louis Stevenson,friendship
"If there is such a thing as a good marriage, it is because it resembles friendship rather than love.",Michel de Montaigne,friendship
"However rare true love may be, it is less so than true friendship.",Francois de La Rochefoucauld,friendship
"What men have called friendship is only a social arrangement, a mutual adjustment of interests, an interchange of services given and received it is, in sum, simply a business from which those involved propose to derive a steady profit for their own self-love.",Francois de La Rochefoucauld,friendship
"Don't flatter yourself that friendship authorizes you to say disagreeable things to your intimates. The nearer you come into relation with a person, the more necessary do tact and courtesy become.",Oliver Wendell Holmes,friendship
Friendship is Love without his wings!,Lord Byron,friendship
"Laughter is not a bad beginning for a friendship, and it is the best ending for one.",Henry Ward Beecher,friendship
"Friendship is the source of the greatest pleasures, and without friends even the most agreeable pursuits become tedious.",Thomas Aquinas,friendship
"I have a loyalty that runs in my bloodstream, when I lock into someone or something, you can't get me away from it because I commit that thoroughly. That's in friendship, that's a deal, that's a commitment. Don't give me paper - I can get the same lawyer who drew it up to break it. But if you shake my hand, that's for life.",Jerry Lewis,friendship
Fan the sinking flame of hilarity with the wing of friendship and pass the rosy wine.,Charles Dickens,friendship
"Loyalty and friendship, which is to me the same, created all the wealth that I've ever thought I'd have.",Ernie Banks,friendship
"People come in and out of our lives, and the true test of friendship is whether you can pick back up right where you left off the last time you saw each other.",Lisa See,friendship
"Sympathy constitutes friendship but in love there is a sort of antipathy, or opposing passion. Each strives to be the other, and both together make up one whole.",Samuel Taylor Coleridge,friendship
"If we are to judge of love by its consequences, it more nearly resembles hatred than friendship.",Francois de La Rochefoucauld,friendship
"Love, friendship and respect do not unite people as much as a common hatred for something.",Anton Chekhov,friendship
"In friendship as well as love, ignorance very often contributes more to our happiness than knowledge.",Francois de La Rochefoucauld,friendship
Opposition is true friendship.,William Blake,friendship
"Friendship is like money, easier made than kept.",Samuel Butler,friendship
"Even in the common affairs of life, in love, friendship, and marriage, how little security have we when we trust our happiness in the hands of others!",William Hazlitt,friendship
Love is the attempt to form a friendship inspired by beauty.,Marcus Tullius Cicero,friendship
"Of all the things which wisdom provides to make us entirely happy, much the greatest is the possession of friendship.",Epicurus,friendship
"Friendship, like love, is destroyed by long absence, though it may be increased by short intermissions.",Samuel Johnson,friendship
Love is friendship set on fire.,Jeremy Taylor,friendship
"True happiness arises, in the first place, from the enjoyment of one's self, and in the next, from the friendship and conversation of a few select companions.",Joseph Addison,friendship
Caring for but never trying to own may be a further way to define friendship.,William Glasser,friendship
"If a man does not make new acquaintances as he advances through life, he will soon find himself left alone. A man, sir, should keep his friendship in a constant repair.",Samuel Johnson,friendship
"The fact is, with every friendship you make, and every bond of trust you establish, you are shaping the image of America projected to the rest of the world. That is so important. So when you study abroad, you're actually helping to make America stronger.",Michelle Obama,friendship
No distance of place or lapse of time can lessen the friendship of those who are thoroughly persuaded of each other's worth.,Robert Southey,friendship
"My parents, and librarians along the way, taught me about the space between words about the margins, where so many juicy moments of life and spirit and friendship could be found. In a library, you could find miracles and truth and you might find something that would make you laugh so hard that you get shushed, in the friendliest way.",Anne Lamott,friendship
"Friendship increases in visiting friends, but in visiting them seldom.",Francis Bacon,friendship
"If one of two lovers is loyal, and the other jealous and false, how may their friendship last, for Love is slain!",Marie de France,friendship
"There is a scarcity of friendship, but not of friends.",Thomas Fuller,friendship
"No matter what message you are about to deliver somewhere, whether it is holding out a hand of friendship, or making clear that you disapprove of something, is the fact that the person sitting across the table is a human being, so the goal is to always establish common ground.",Madeleine Albright,friendship
"To be capable of steady friendship or lasting love, are the two greatest proofs, not only of goodness of heart, but of strength of mind.",William Hazlitt,friendship
"The greatest sweetener of human life is Friendship. To raise this to the highest pitch of enjoyment, is a secret which but few discover.",Joseph Addison,friendship
"The feeling of friendship is like that of being comfortably filled with roast beef love, like being enlivened with champagne.",Samuel Johnson,friendship
"Do not keep on with a mockery of friendship after the substance is gone - but part, while you can part friends. Bury the carcass of friendship: it is not worth embalming.",William Hazlitt,friendship
"Business, you know, may bring you money, but friendship hardly ever does.",Jane Austen,friendship
"Real friendship, like real poetry, is extremely rare - and precious as a pearl.",Tahar Ben Jelloun,friendship
"I have long enjoyed the friendship and companionship of Republicans because I am by instinct a teacher, and I would like to teach them something.",Woodrow Wilson,friendship
Bad faith likes discourse on friendship and loyalty.,Mason Cooley,friendship
"One friend in a lifetime is much, two are many, three are hardly possible. Friendship needs a certain parallelism of life, a community of thought, a rivalry of aim.",Henry Adams,friendship
"To want friendship is a great fault. Friendship ought to be a gratuitous joy, like the joys afforded by art or life.",Simone Weil,friendship
The friendship that can cease has never been real.,St. Jerome,friendship
"Tis the privilege of friendship to talk nonsense, and have her nonsense respected.",Charles Lamb,friendship
"All those who offer an opinion on any doubtful point should first clear their minds of every sentiment of dislike, friendship, anger or pity.",Sallust,friendship
"General benevolence, but not general friendship, made a man what he ought to be.",Jane Austen,friendship
Moral science is better occupied when treating of friendship than of justice.,Thomas Aquinas,friendship
"But it all comes down to friendship, treating people right.",Ernie Banks,friendship
Few things tend more to alienate friendship than a want of punctuality in our engagements. I have known the breach of a promise to dine or sup to break up more than one intimacy.,William Hazlitt,friendship
It is difficult to obtain the friendship of a cat. It is a philosophical animal... one that does not place its affections thoughtlessly.,Theophile Gautier,friendship
"The beginning of a friendship, the fact that two people out of the thousands around them can meet and connect and become friends, seems like a kind of magic to me. But maintaining a friendship requires work. I don't mean that as a bad thing. Good art requires work as well.",Charles de Lint,friendship
Friendship has its illusions no less than love.,Stendhal,friendship
"The dupe of friendship, and the fool of love have I not reason to hate and to despise myself? Indeed I do and chiefly for not having hated and despised the world enough.",William Hazlitt,friendship
Friendship is almost always the union of a part of one mind with the part of another people are friends in spots.,George Santayana,friendship
"I understand by this passion the union of desire, friendship, and tenderness, which is inflamed by a single female, which prefers her to the rest of her sex, and which seeks her possession as the supreme or the sole happiness of our being.",Edward Gibbon,friendship
"When two people first meet, they can only have a very ordinary kind of friendship. But when you begin to understand each other, when you get close to them, you discover that you're suddenly eager to know him or her even better.",Zhang Ziyi,friendship
There are no rules for friendship. It must be left to itself. We cannot force it any more than love.,William Hazlitt,friendship
She discovered with great delight that one does not love one's children just because they are one's children but because of the friendship formed while raising them.,Gabriel Garcia Marquez,friendship
"All love that has not friendship for its base, is like a mansion built upon the sand.",Ella Wheeler Wilcox,friendship
"One of the surest evidences of friendship that one individual can display to another is telling him gently of a fault. If any other can excel it, it is listening to such a disclosure with gratitude, and amending the error.",Edward G. Bulwer-Lytton,friendship
"Sixth grade was a big time, in my childhood, of hoops and friendship, and coming up with funny things.",Adam Sandler,friendship
For prayer is nothing else than being on terms of friendship with God.,Saint Teresa of Avila,friendship
Friendship is a sheltering tree.,Samuel Taylor Coleridge,friendship
"Our scientific age demands that we provide definitions, measurements, and statistics in order to be taken seriously. Yet most of the important things in life cannot be precisely defined or measured. Can we define or measure love, beauty, friendship, or decency, for example?",Dennis Prager,friendship
Love between man and man is impossible because there must not be sexual intercourse and friendship between man and woman is impossible because there must be sexual intercourse.,James Joyce,friendship
"I love life in spite of all that mars it. I love friendship, jokes and laughter.",Tahar Ben Jelloun,friendship
"It must be remembered that the sea is a great breeder of friendship. Two men who have known each other for twenty years find that twenty days at sea bring them nearer than ever they were before, or else estrange them.",Gilbert Parker,friendship
Value your friendship. Value your relationships.,Barbara Bush,friendship
"Friendship, of itself a holy tie, is made more sacred by adversity.",Charles Caleb Colton,friendship
Sweet is the scene where genial friendship plays the pleasing game of interchanging praise.,Oliver Wendell Holmes,friendship
"As told in Friendship with God, if we simply decided to believe and act as if first, we're all one, and second, life is eternal, it would render virtually everything we've done all our lives pointless.",Neale Donald Walsch,friendship
"I think in friendship, you want to be there for your friend, and sometimes you just don't know what to do or the relationship you have with them is not clear enough for you to know what to do.",Marion Cotillard,friendship
"Show me a genuine case of platonic friendship, and I shall show you two old or homely faces.",Austin O'Malley,friendship
"Friendship is also about liking a person for their failings, their weakness. It's also about mutual help, not about exploitation.",Paul Theroux,friendship
Pity and friendship are two passions incompatible with each other.,Oliver Goldsmith,friendship
I think the way to keep a friendship is to respect that everybody is different.,Emma Bunton,friendship
"I have lost my seven best friends, which is to say God has had mercy on me seven times without realizing it. He lent a friendship, took it from me, sent me another.",Jean Cocteau,friendship
Your experiences will be yours alone. But truth and best friendship will rarely if ever disappoint you.,Anne Lamott,friendship
Before the flowers of friendship faded friendship faded.,Gertrude Stein,friendship
It is wise to apply the oil of refined politeness to the mechanism of friendship.,Sidonie Gabrielle Colette,friendship
"Marriage is the highest state of friendship. If happy, it lessens our cares by dividing them, at the same time that it doubles our pleasures by mutual participation.",Samuel Richardson,friendship
"When the world is so complicated, the simple gift of friendship is within all of our hands.",Maria Shriver,friendship
"If we would build on a sure foundation in friendship, we must love friends for their sake rather than for our own.",Charlotte Bronte,friendship
Friendship always benefits love sometimes injures.,Seneca,friendship
Friendship is composed of a single soul inhabiting two bodies.,Plautus,friendship
"The rare few, who, early in life have rid themselves of the friendship of the many.",James Whistler,friendship
Friendship's the wine of life: but friendship new... is neither strong nor pure.,Edward Young,friendship
"Time makes friendship stronger, but love weaker.",Jean de la Bruyere,friendship
Love and friendship exclude each other.,Jean de la Bruyere,friendship
"Happiness is understanding that friendship is more precious than mere things, more precious than getting your own way, more precious than being in situations where true principles are not at stake.",J. Donald Walters,friendship
"A lot of the powerful religious leaders, from Jesus to Buddha to Tibetan monks, they're really talking about the same things: love and acceptable, and the value of friendship, and respecting yourself so you can respect others.",Jena Malone,friendship
"Read as you taste fruit or savor wine, or enjoy friendship, love or life.",George Herbert,friendship
Accountability in friendship is the equivalent of love without strategy.,Anita Brookner,friendship
"Love is like the wild rose-briar Friendship like the holly-tree. The holly is dark when the rose-briar blooms, but which will bloom most constantly?",Emily Bronte,friendship
"My inspiration are the woman, friendship, and loneliness.",Enrique Iglesias,friendship
Love is rarer than genius itself. And friendship is rarer than love.,Charles Peguy,friendship
"I keep my friends as misers do their treasure, because, of all the things granted us by wisdom, none is greater or better than friendship.",Pietro Aretino,friendship
Love is flower like Friendship is like a sheltering tree.,Samuel Taylor Coleridge,friendship
Suspicion is the cancer of friendship.,Petrarch,friendship
The differences between friends cannot but reinforce their friendship.,Mao Zedong,friendship
"Success always necessitates a degree of ruthlessness. Given the choice of friendship or success, I'd probably choose success.",Sting,friendship
Aristotle uses a mother's love for her child as the prime example of love or friendship.,Mortimer Adler,friendship
"Conjugal love, or the friendship of spouses, can persist even after sexual desires have weakened, withered, and disappeared.",Mortimer Adler,friendship
Friendship is a very taxing and arduous form of leisure activity.,Mortimer Adler,friendship
"All who consult on doubtful matters, should be void of hatred, friendship, anger, and pity.",Sallust,friendship
"I'm single, footloose and fancy free, I have no responsibilities, no anchors. Work, friendship and self-improvement, that's me.",Joel Edgerton,friendship
"One measure of friendship consists not in the number of things friends can discuss, but in the number of things they need no longer mention.",Clifton Paul Fadiman,friendship
We must reach out our hand in friendship and dignity both to those who would befriend us and those who would be our enemy.,Arthur Ashe,friendship
You've got to reach a hand of friendship across the aisle and across philosophies in this country.,Joe Biden,friendship
When friendship disappears then there is a space left open to that awful loneliness of the outside world which is like the cold space between the planets. It is an air in which men perish utterly.,Hilaire Belloc,friendship
Secrecy is the chastity of friendship.,Jeremy Taylor,friendship
"To like and dislike the same things, this is what makes a solid friendship.",Sallust,friendship
The firmest friendship is based on an identity of likes and dislikes.,Sallust,friendship
Friendship without self-interest is one of the rare and beautiful things of life.,James F. Byrnes,friendship
"I force people to have coffee with me, just because I don't trust that a friendship can be maintained without any other senses besides a computer or cellphone screen.",John Cusack,friendship
Friendship is mutual blackmail elevated to the level of love.,Robin Morgan,friendship
"I've got some great guy friends. They can start out as crushes. But when you realize something isn't going to happen, you make a choice whether or not the friendship is worth it. And it usually is. Then you can laugh about the fact that you used to have a crush on him or he had one on you.",Courteney Cox,friendship
Friendship is a wildly underrated medication.,Anna Deavere Smith,friendship
Meg Ryan is a beautiful and courageous woman. I grieve the loss of her companionship but I've not lost the friendship. We talk all the time and that was what our connection was about. She has a wonderful mind and we just like a chat.,Russell Crowe,friendship
"Great is the victory, but the friendship of all is greater.",Emil Zatopek,friendship
"It may be a cold, clammy thing to say, but those that treat friendship the same as any other selfishness seem to get the most out of it.",E. W. Howe,friendship
The little trouble in the world that is not due to love is due to friendship.,E. W. Howe,friendship
A friendship like love is warm a love like friendship is steady.,Thomas More,friendship
Friendship is a strong and habitual inclination in two persons to promote the good and happiness of one another.,Eustace Budgell,friendship
Friendship based solely upon gratitude is like a photograph with time it fades.,Carmen Sylva,friendship
Friendship is the golden thread that ties the heart of all the world.,John Evelyn,friendship
"Friendship is a word, the very sight of which in print makes the heart warm.",Augustine Birrell,friendship
Friendship is an arrangement by which we undertake to exchange small favors for big ones.,Charles de Montesquieu,friendship
Some people are willing to betray years of friendship just to get a little bit of the spotlight.,Lauren Conrad,friendship
I hope to continue my friendship with France and its filmmakers for many years to come.,Harvey Weinstein,friendship
"I'm calling my book series the 'with God series.' And this next 'with God' book is Friendship with God, which comes out in November. This books challenges us to bring about the end of 'better' on this planet.",Neale Donald Walsch,friendship
"The second one, the joint Truth and Friendship Commission, which we started now with Indonesia, that is the one that has been criticized its terms of reference call for providing amnesty for those who cooperate in telling the truth. It does not lead to prosecution.",Jose Ramos-Horta,friendship
"Because most people are not sufficiently employed in themselves, they run about loose, hungering for employment, and satisfy themselves in various supererogatory occupations. The easiest of these occupations, which have all to do with making things already made, is the making of people: it is called the art of friendship.",Laura Riding,friendship
"Sincere friendship towards God, in all who believe him to be properly an intelligent, willing being, does most apparently, directly, and strongly incline to prayer and it no less disposes the heart strongly to desire to have our infinitely glorious.",Jonathan Edwards,friendship
"From an early age I didn't buy into the value systems of working hard in a nine-to-five job. I thought creativity, friendship and loyalty and pushing the boundaries of what was acceptable was much more interesting.",Adam Clayton,friendship
My second husband believed I had such a fickle attitude to friendship that each Friday he would update the list of my 'Top Ten' friends in the manner of a Top Of The Pops chart countdown.,Julie Burchill,friendship
I would be willing to do almost anything to make Art happy. I care about our friendship. The only thing I won't do is change the essence of my work.,Paul Simon,friendship
"Look, I worked with American Republican presidents and Democratic presidents, all of them, and each of them has shown a deep and profound friendship to Israel, you know? I can't remember anybody who was in that sense negative as far as Israel is concerned.",Shimon Peres,friendship
Why do we go around acting as though everything was friendship and reliability when basically everything everywhere is full of sudden hate and ugliness?,Anna Freud,friendship
The most deadly fruit is borne by the hatred which one grafts on an extinguished friendship.,Gotthold Ephraim Lessing,friendship
"Came but for friendship, and took away love.",Thomas Moore,friendship
Love and esteem are the first principles of friendship it is always imperfect if either of these two are wanting.,Eustace Budgell,friendship
"Friendship is a disinterested commerce between equals love, an abject intercourse between tyrants and slaves.",Oliver Goldsmith,friendship
"Madam, I have been looking for a person who disliked gravy all my life let us swear eternal friendship.",Sydney Smith,friendship
"Friendship! Mysterious cement of the soul, Sweet'ner of life, and solder of society.",Robert Blair,friendship
Friendship is one of the most tangible things in a world which offers fewer and fewer supports.,Kenneth Branagh,friendship
The steady discipline of intimate friendship with Jesus results in men becoming like Him.,Harry Emerson Fosdick,friendship
"I didn't like England. I couldn't take the look of the place or the style of friendship. I need more intimacy from people than is considered okay there, and I felt that my personality and my enthusiasms weren't understood. I had to put a big lid on myself.",Jane Campion,friendship
Friendship is held to be the severest test of character.,Charles Eastman,friendship
"When I was growing up, my mother was always a friend to my siblings and me (in addition to being all the other things a mom is), and I was always grateful for that because I knew she was someone I could talk to and joke with, and argue with and that nothing would ever harm that friendship.",Marlo Thomas,friendship
Friendship will not stand the strain of very much good advice for very long.,Robert Staughton Lynd,friendship
"One friend in a lifetime is much two are many three are hardly possible. Friendship needs a certain parallelism of life, a community of thought, a rivalry of aim.",Brooks Adams,friendship
"Friendship is something that creates equality and mutuality, not a reward for finding equality or a way of intensifying existing mutuality.",Rowan D. Williams,friendship
"Things have gone beyond my wildest expectations and dreams, and I feel like I've been given so many blessings in my life, between my friendship with the guys in the band, our wonderful audience, being able to play this music, and then my family.",Trey Anastasio,friendship
"If you're going through friendship issues, I would say, first of all take a step back. How important is the friendship to you? Sometimes, if someone's not being a good friend to you and isn't treating you the way you should be treated, then you kind of have to move on sometimes.",Victoria Justice,friendship
The ideal friendship is to feel as one while remaining two.,Sophie Swetchine,friendship
"Often the magical elements in my books are standing in for elements of the real world, the small and magical-in-their-own-right sorts of things that we take for granted and no longer pay attention to, like the bonds of friendship that entwine our own lives with those of other people and places.",Charles de Lint,friendship
"Neatness begets order but from order to taste there is the same difference as from taste to genius, or from love to friendship.",Johann Kaspar Lavater,friendship
"The building of friendship, family, community and love is complicated. We are so isolated in this country, no longer supported by tribes and villages.",Jasmine Guy,friendship
"The best time to frame an answer to the letters of a friend, is the moment you receive them. Then the warmth of friendship, and the intelligence received, most forcibly cooperate.",William Shenstone,friendship
One sure way to lose another woman's friendship is to try to improve her flower arrangements.,Marcelene Cox,friendship
"During the 1950s, Aristotle Onassis and I formed what grew to be a close friendship and association in several business ventures.",Paul Getty,friendship
"I play- it's kind of like a slice-of-life, LA women in their forties, playing forty kind of what's their friendship like, and what's their life like and so I just play one of the four friends.",Joan Cusack,friendship
For me my friendship with Omar Rodriguez from Mars Volta that friendship really means a lot to me because he's another creative person who works as hard as I do.,John Frusciante,friendship
"Those who insist on having hostilities with us, kill and destroy the option of friendship with us in the future, which is unfortunate because it is clear the future belongs to Iran and that enmities will be fruitless.",Mahmoud Ahmadinejad,friendship
"On one side, citizens have great respect for the United States they have a great feeling of friendship. That is solid. But in the opposition and in the political arena I often find criticism of the closeness of relations with the United States. That is a reality.",Vicente Fox,friendship
"Good fellowship and friendship are lasting, rational and manly pleasures.",William Wycherley,friendship
"I've got many close friends, but there's an awful lot about friendship that is not demonstrative in my case.",Warren Christopher,friendship
"We became friends as we became a band. Our friendship evolved as the band evolved. It had its ups and downs, but it was mostly ups for the four of us. We got along well almost all of the time. Hey! We liked each other and we still do.",Dave Blood,friendship
"Today, I, too, wish to reaffirm that I intend to continue on the path toward improved relations and friendship with the Jewish people, following the decisive lead given by John Paul II.",Pope Benedict XVI,friendship
"You are almost not free, if you are teaching a group of graduate students, to become friends with one of them. I don't mean anything erotically charged, just a friendship.",Marilyn Hacker,friendship
"I come from the New York theatre world, and I have a lot of gay male friends, so this friendship of Will and Grace's isn't such a stretch.",Debra Messing,friendship
"My last public performance for money was in 1967. For free, it was 1972, with the exception of two little one-shot, one-song things. But that's just for friends, out of friendship for the people involved, and also because it was fun.",Tom Lehrer,friendship
"Friendship is inexplicable, it should not be explained if one doesn't want to kill it.",Max Jacob,friendship
"I noticed that no matter where I went in the country, there was this group of questions that got asked. I would track them and keep them in categories. Like body image, school, family, friendship, you name it, the emotional life of a teenage girl.",Elizabeth Berkley,friendship
"There was really no friendship in modeling, though a certain amount of warmth comes from running into models you know on shoots, because you end up in so many unfamiliar places, from Alaska to Africa.",Carol Alt,friendship
My first experiences of academic friendship made me smile in after years when I looked back on them. But my circle of acquaintances had gradually grown so large that it was only natural new friendships should grow out of it.,Georg Brandes,friendship
"There has to be chemistry in a duet, but if you go beyond the point of friendship and attraction, you lose something.",Kenny Rogers,friendship
"Blunders, no, only friendship binds us to honesty - attracting crypts of mushrooms in the wake of our snowboards.",Bradley Chicho,friendship
"Even where friendship is concerned, it takes me a long time to trust people.",Namie Amuro,friendship
"But, based on my friendship with Evie as young mothers, I started going on freedom rides in 1966.",June Jordan,friendship
"Watching John Lasseter's films, I think I can understand better than anyone that what he's doing, is going straight ahead with his vision and working really hard to get that vision into film form. And I feel that my understanding this of him is my friendship towards him.",Hayao Miyazaki,friendship
I would have told him that I appreciated his friendship through the years and that I had learned a lot from him. I really loved Frank like you do a brother.,Jimmy Carl Black,friendship
"What gay culture is before it is anything else, before it is a culture of desire or a culture of subversion or a culture of pain, is a culture of friendship.",Andrew Sullivan,friendship
"The film itself involves a New York City radio storyteller, Gabriel Noone, who strikes up a friendship with one of his fans, an abused 14-year-old teenager who is suffering from AIDS, who does not have much longer to live.",Armistead Maupin,friendship
China has been committed to the independent foreign policy of peace and has developed friendship and cooperation with all countries on the basis of the Five Principles of Peaceful Coexistence.,Hu Jintao,friendship
I think quite a lot of people have a friendship or a love that's gone like that and it never quite reconciles properly.,Tim Finn,friendship
"I came to Venice for the first time in 1968 and was lucky enough to make the acquaintanceship, and then the friendship, of two Venetians, Roberta and Franco, who remain my best friends here after almost 50 years.",Donna Leon,friendship
"And though my Lord hath lost his estate and been banished out of his country, yet neither despised poverty nor pinching necessity could make him break the bonds of friendship or weaken his loyal duty.",Margaret Cavendish,friendship
"That was the day I began cutting classes and returning to TV tapings it ultimately led to a friendship with Johnny O, and an increasing fascination and respect for what he did.",Randy West,friendship
"It will give them the opportunity to show themselves worthy of the respect and friendship of peace-loving nations, and in time, to take an honorable place among members of the United Nations.",James F. Byrnes,friendship
"In closing I wish to say that while I was sorely beset by a number of white riders in my racing days, I have also enjoyed the friendship of countless thousands of white men whom I class as among my closest friends.",Major Taylor,friendship
"In my public service, I treasure my friendship with law enforcement officers. I admire what they do and support them in every aspect of their job. I have always looked upon law enforcement officers as my friends.",Dirk Kempthorne,friendship
"People are roasting each other at parties, at work events, around the fire. It's so fun. People are busting each other's chops, and it's a sign of affection, truly. It's a true test of love and friendship: can you make a man laugh at himself? So what makes a good burn? Go after targets you love and respect. And hit 'em hard.",Jeff Ross,friendship
"If the chemistry is right between star and photographer and the geometry of the pictures pleases the star, often the two people end up with a long-term professional friendship during which they continue to work together and to produce highly personal images.",Eve Arnold,friendship
The part which American friendship played in helping us to win the freedom we enjoy in this part of Ireland has been gratefully recognized and acknowledged by our people.,Eamon de Valera,friendship
Nobody ever chooses the already unfortunate as objects of his loyal friendship.,Lucan,friendship
"Rock n' roll as a genre is different from pop and hip hop: it is about bands, and that for me suggests brotherhood, family, friendship and community.",Steven Van Zandt,friendship
"At the beginning of the new century, it is the common aspiration of the peoples of the two countries to deepen mutual understanding, enhance trust, develop friendship and strengthen cooperation.",Li Peng,friendship
"Marriage, for a woman at least, hampers the two things that made life to me glorious - friendship and learning.",Jane Harrison,friendship
"It became very clear to the director that it would be foolish not to use our friendship. I had tried to talk to him about it because all the relationships in the film are so, not negative, but antagonistic. There's not a lot of love going around.",Jennifer Beals,friendship
"Israelis can be proud of the vibrant democracy that they have created, and I know that many Rhode Islanders share my deep appreciation for the close friendship between our two nations.",Lincoln Chafee,friendship
I have a very close friendship with the skaters.,Eric Heiden,friendship
"And we want to develop our strategy to partnership and friendship with the United States, which is connected with a very rich history but what is very important for our future.",Aleksander Kwasniewski,friendship
"But as I was saying, from my experiences, I think men tend to be more timid in expressing their feelings for you. Regardless, I always prefer a friendship first and foremost.",Alicia Machado,friendship
"Music is the social act of communication among people, a gesture of friendship, the strongest there is.",Malcolm Arnold,friendship
This airline is grateful for his extensive contributions and we will miss his friendship and support. We extend our deepest sympathies to the Casey family on its personal loss.,Gerard Arpey,friendship
I would like to raise my glass to friendship between Russia and the United States.,Richard Lugar,friendship
I am proud to represent these men and women who empower people in developing nations and promote the Peace Corps mission of peace and friendship. These volunteers are making major strides to improve the lives of people and communities around the world.,Kenny Marchant,friendship
"006 was such an interesting character and the film really explored his friendship with Bond and how it all went wrong, so it was a very personal journey for both characters.",Sean Bean,friendship
No one person can possibly combine all the elements supposed to make up what everyone means by friendship.,Francis Marion Crawford,friendship
Here's a news flash: No soldier gives his life. That's not the way it works. Most soldiers who make a conscious decision to place themselves in harm's way do it to protect their buddies. They do it because of the bonds of friendship - and it goes so much deeper than friendship.,Eric Massa,friendship
"I think romance is friendship and attraction sort of meeting together and that does influence what I'm writing a lot. I try to establish the attraction, obviously, but I also think it's important to show the characters having actual conversations about things other than their feelings for each other - and to develop their friendship on the page.",Veronica Roth,friendship
Friendship's the privilege of private men for wretched greatness knows no blessing so substantial.,Nahum Tate,friendship
Friendship can only exist between persons with similar interests and points of view. Man and woman by the conventions of society are born with different interests and different points of view.,August Strindberg,friendship
"I don't need to go onto Facebook and pretend to have friends I've never even met. To my mind, that kind of destroys the meaning of the word 'friend.' I take exception to that. Because I value and respect friendship.",Stefanie Powers,friendship
"India-Seychelles relations have been characterized by close friendship, understanding and cooperation.",Pratibha Patil,friendship
The friendship we share grows amidst the craggy rock pond reeds of water spray fireflies scented with bonfires.,Bradley Chicho,friendship
The joys of friendship inert the heart and fizzy home bouncing jubilantly with laughter-buttered love.,Bradley Chicho,friendship
"Plunderous is the palate I gift to you, openly I hug the universe of our friendship expanding its outer limit.",Bradley Chicho,friendship
"French Yemeni relations are strong and good, they are relations depending on friendship and cooperation my relationship with the president Chiraq are old and real.",Ali A. Saleh,friendship
"In those early years in New York when I was a stranger in a big city, it was the companionship and later friendship which I was offered in the Linnean Society that was the most important thing in my life.",Ernst Mayr,friendship
People instantly assume you can't have a platonic friendship with someone of the opposite sex. I think this may be specific to L.A. - or America.,Isabel Lucas,friendship
"My films are always concerned with family, friendship, honor, and patriotism.",John Woo,friendship
"When Ted Williams was here, inducted into the Hall of Fame 37 years ago, he said he must have earned it, because he didn't win it because of his friendship with the writers. I guess in that way, I'm proud to be in this company that way.",Eddie Murray,friendship
The sacrifices of friendship were beautiful in her eyes as long as she was not asked to make them.,Hector Hugh Munro,friendship
"To some it may be a thrill to be known, to me it's a thrill to start a friendship even up.",Christopher Knight,friendship
"Ray Bradbury is, for many reasons, the most influential writer in my life. Throughout our long friendship, Ray supplied not only his terrific stories but a grand model of what a writer could be, should be, and yet rarely is: brilliant and charming and accessible, willing to tolerate and to teach, happy to inspire but also to be inspired.",Greg Bear,friendship
Only solitary men know the full joys of friendship. Others have their family but to a solitary and an exile his friends are everything.,Warren G. Harding,friendship
"Working with people, the musical part is one thing but the personal part is totally different and just as critical. If the friendship is there and it's a lasting friendship, then it will take care of itself.",John Mayall,friendship
My reputation is too important to put it aside for purposes of some friendship. We have a job to do.,Stephanie Tubbs Jones,friendship
"Although the troops have struck us, we throw it all behind and are glad to meet you in peace and friendship.",Black Kettle,friendship
"Throughout its history, the international Olympic Committee has struggled to spread its ideal of fraternity, friendship, peace and universal understanding.",Juan Antonio Samaranch,friendship
"Our philosophy precedes from the belief that sport is an inalienable part of the educational process and a factor for promoting peace, friendship, cooperation and understanding among peoples.",Juan Antonio Samaranch,friendship
"They took their meals together and it was remarked on such occasions, when the friendship of animals is put to a hard test, that they never quarrelled or disputed the possession of a favourite fruit with each other.",Henry Walter Bates,friendship
One of the great things personally coming to Hawai'i is my friendship of Jim Nicholson.,Dan Fouts,friendship
"So far as it depends on the course of this government, our relations of good will and friendship will be sedulously cultivated with all nations.",John Tyler,friendship
"I can tell you, dearest friend, that if it became known how much friendship, love and a world of human and spiritual references I have smuggled into these three movements, the adherents of programme music - should there be any left - would go mad with joy.",Alban Berg,friendship
I know I was a great friend to Tiger Woods. But when you have a relationship that's involves business and friendship - and the business part comes to an end - things always get a little blurry.,Hank Haney,friendship
The ideal of all Kosovo is membership in the E.U. and a permanent friendship with the United States. I believe and I am convinced our dreams will come true.,Atifete Jahjaga,friendship
"To cement a new friendship, especially between foreigners or persons of a different social world, a spark with which both were secretly charged must fly from person to person, and cut across the accidents of place and time.",Cornelia Otis Skinner,friendship
The friendship of Shostakovich cast a brilliant light over my whole life and whose spiritual qualities captured my soul once and for all time.,Galina Vishnevskaya,friendship
"A passion for politics stems usually from an insatiable need, either for power, or for friendship and adulation, or a combination of both.",Fawn M. Brodie,friendship
"Never be afraid to meet to the hilt the demand of either work, or friendship - two of life's major assets.",Eleanor Robson Belmont,friendship
"In the name of the United States and President Bush, I want to thank the Mexican people, President Fox and his government for their friendship.",Tony Garza,friendship
"I loved my 17 years with R.E.M., but I'm ready to reflect, assess and move on to a different phase of my life. The four of us will continue our close friendship, and I look forward to hearing their future efforts as the world's biggest R.E.M. fan.",Bill Berry,friendship
