"Too often we underestimate the power of a touch, a smile, a kind word, a listening ear, an honest compliment, or the smallest act of caring, all of which have the potential to turn a life around.",Leo Buscaglia,smile
Don't cry because it's over. Smile because it happened.,Dr. Seuss,smile
"Look back, and smile on perils past.",Walter Scott,smile
A warm smile is the universal language of kindness.,William Arthur Ward,smile
A smile is a curve that sets everything straight.,Phyllis Diller,smile
"A smile is the light in your window that tells others that there is a caring, sharing person inside.",Denis Waitley,smile
"The real man smiles in trouble, gathers strength from distress, and grows brave by reflection.",Thomas Paine,smile
"Let my soul smile through my heart and my heart smile through my eyes, that I may scatter rich smiles in sad hearts.",Paramahansa Yogananda,smile
"After every storm the sun will smile for every problem there is a solution, and the soul's indefeasible duty is to be of good cheer.",William R. Alger,smile
"Be thou the rainbow in the storms of life. The evening beam that smiles the clouds away, and tints tomorrow with prophetic ray.",Lord Byron,smile
They might not need me but they might. I'll let my head be just in sight a smile as small as mine might be precisely their necessity.,Emily Dickinson,smile
"Laughter is day, and sobriety is night a smile is the twilight that hovers gently between both, more bewitching than either.",Henry Ward Beecher,smile
"If you smile when no one else is around, you really mean it.",Andy Rooney,smile
"A gentle word, a kind look, a good-natured smile can work wonders and accomplish miracles.",William Hazlitt,smile
Jesus wept Voltaire smiled. From that divine tear and from that human smile is derived the grace of present civilization.,Victor Hugo,smile
"Remember even though the outside world might be raining, if you keep on smiling the sun will soon show its face and smile back at you.",Anna Lee,smile
A smile is happiness you'll find right under your nose.,Tom Wilson,smile
"Smile, for everyone lacks self-confidence and more than any other one thing a smile reassures them.",Andre Maurois,smile
Wear a smile and have friends wear a scowl and have wrinkles.,George Eliot,smile
But God can only smile because only God can know what is coming next.,Desmond Tutu,smile
"If you haven't seen your wife smile at a traffic cop, you haven't seen her smile her prettiest.",Kin Hubbard,smile
"The happiness of life is made up of minute fractions - the little, soon forgotten charities of a kiss or a smile, a kind look or heartfelt compliment.",Samuel Taylor Coleridge,smile
Always keep your smile. That's how I explain my long life.,Jeanne Calment,smile
A smile abroad is often a scowl at home.,Alfred Lord Tennyson,smile
And the smile that is worth the praises of earth is the smile that shines through tears.,Ella Wheeler Wilcox,smile
"Courage, not compromise, brings the smile of God's approval.",Thomas S. Monson,smile
"A kind heart is a fountain of gladness, making everything in its vicinity freshen into smiles.",Washington Irving,smile
"The flower in the vase smiles, but no longer laughs.",Malcolm De Chazal,smile
A smile is the universal welcome.,Max Eastman,smile
"Smile, it's free therapy.",Douglas Horton,smile
"When I look out at the people and they look at me and they're smiling, then I know that I'm loved. That is the time when I have no worries, no problems.",Etta James,smile
Better by far you should forget and smile that you should remember and be sad.,Christina Rossetti,smile
Wrinkles will only go where the smiles have been.,Jimmy Buffett,smile
I want to touch the heart of the world and make it smile.,Charles de Lint,smile
A smile is the chosen vehicle of all ambiguities.,Herman Melville,smile
I have witnessed the softening of the hardest of hearts by a simple smile.,Goldie Hawn,smile
Children learn to smile from their parents.,Shinichi Suzuki,smile
"I've always spent more time with a smile on my face than not, but the thing is, I don't write about it.",Robert Smith,smile
I never smile unless I mean it.,Donny Osmond,smile
"I'm really exciting. I smile a lot, I win a lot, and I'm really sexy.",Serena Williams,smile
"The company of fools may first make us smile, but in the end we always feel melancholy.",Oliver Goldsmith,smile
Never a lip is curved with pain that can't be kissed into smiles again.,Bret Harte,smile
I was so embarrassed about mispronouncing words. I just knew how to smile.,Adriana Lima,smile
She gave me a smile I could feel in my hip pocket.,Raymond Chandler,smile
I think that anybody that smiles automatically looks better.,Diane Lane,smile
To smile at the jest which plants a thorn in another's breast is to become a principal in the mischief.,Richard Brinsley Sheridan,smile
Colors are the smiles of nature.,Leigh Hunt,smile
"I have found that a smile and a stick will carry you through all right, and in ninety-nine cases out of a hundred it is the smile that does the trick.",Robert Powell,smile
"If the world's a veil of tears, Smile till rainbows span it.",Lucy Larcom,smile
"It is impossible to persuade a man who does not disagree, but smiles.",Muriel Spark,smile
Youth smiles without any reason. It is one of its chiefest charms.,Thomas Gray,smile
"As happy a man as any in the world, for the whole world seems to smile upon me!",Samuel Pepys,smile
"Let us always meet each other with smile, for the smile is the beginning of love.",Mother Teresa,smile
A woman whose smile is open and whose expression is glad has a kind of beauty no matter what she wears.,Anne Roiphe,smile
Peace begins with a smile.,Mother Teresa,smile
If you have only one smile in you give it to the people you love.,Maya Angelou,smile
"I love those who can smile in trouble, who can gather strength from distress, and grow brave by reflection. 'Tis the business of little minds to shrink, but they whose heart is firm, and whose conscience approves their conduct, will pursue their principles unto death.",Leonardo da Vinci,smile
We shall never know all the good that a simple smile can do.,Mother Teresa,smile
"The fact that I can plant a seed and it becomes a flower, share a bit of knowledge and it becomes another's, smile at someone and receive a smile in return, are to me continual spiritual exercises.",Leo Buscaglia,smile
Few things in the world are more powerful than a positive push. A smile. A world of optimism and hope. A 'you can do it' when things are tough.,Richard M. DeVos,smile
"I love the man that can smile in trouble, that can gather strength from distress, and grow brave by reflection. 'Tis the business of little minds to shrink, but he whose heart is firm, and whose conscience approves his conduct, will pursue his principles unto death.",Thomas Paine,smile
"War is a game that is played with a smile. If you can't smile, grin. If you can't grin, keep out of the way till you can.",Winston Churchill,smile
Start every day off with a smile and get it over with.,W. C. Fields,smile
"If by chance some day you're not feeling well and you should remember some silly thing I've said or done and it brings back a smile to your face or a chuckle to your heart, then my purpose as your clown has been fulfilled.",Red Skelton,smile
Anyone who has a continuous smile on his face conceals a toughness that is almost frightening.,Greta Garbo,smile
Beauty is truth's smile when she beholds her own face in a perfect mirror.,Rabindranath Tagore,smile
Joy's smile is much closer to tears than laughter.,Victor Hugo,smile
"A woman has two smiles that an angel might envy, the smile that accepts a lover before words are uttered, and the smile that lights on the first born babe, and assures it of a mother's love.",Thomas Chandler Haliburton,smile
Your smile will give you a positive countenance that will make people feel comfortable around you.,Les Brown,smile
"'Tis easy enough to be pleasant, When life flows along like a song But the man worth while is the one who will smile when everything goes dead wrong.",Ella Wheeler Wilcox,smile
"Marrying for love may be a bit risky, but it is so honest that God can't help but smile on it.",Josh Billings,smile
Beauty is power a smile is its sword.,John Ray,smile
"If in our daily life we can smile, if we can be peaceful and happy, not only we, but everyone will profit from it. This is the most basic kind of peace work.",Nhat Hanh,smile
There are some women whose pregnancy would make some sly bachelor smile.,Honore de Balzac,smile
"And if you see me, smile and maybe give me a hug. That's important to me too.",Jim Valvano,smile
"I enjoy jokes, smiling, and making people smile. I may be a little different, but that's OK, who wants to be normal anyway?",Tim Duncan,smile
"Smile, it is the key that fits the lock of everybody's heart.",Anthony J. D'Angelo,smile
A smile is a facelift that's in everyone's price range!,Tom Wilson,smile
"Luck is not chance, it's toil fortune's expensive smile is earned.",Emily Dickinson,smile
"A bland smile is like a green light at an intersection, it feels good when you get one, but you forget it the moment you're past it.",Doug Coupland,smile
"It's sort of a feeling of power onstage. It's really the ability to make people smile, or just to turn them one way or another for that duration of time, and for it to have some effect later on. I don't really think it's power... it's the goodness.",Robert Plant,smile
"Let me smile with the wise, and feed with the rich.",Samuel Johnson,smile
"The biggest thing we get out of it is seeing the kids smile. And hopefully we will also see that the lessons we're teaching - not only the fundamentals of hockey, but also the life values - are sinking in.",Bobby Orr,smile
"A stale article, if you dip it in a good, warm, sunny smile, will go off better than a fresh one that you've scowled upon.",Nathaniel Hawthorne,smile
"Let him who expects one class of society to prosper in the highest degree, while the other is in distress, try whether one side of the face can smile while the other is pinched.",Thomas Fuller,smile
"My children are the reason I laugh, smile and want to get up every morning.",Gena Lee Nolin,smile
Not by appointment do we meet delight Or joy they heed not our expectancy But round some corner of the streets of life they of a sudden greet us with a smile.,Gerald Massey,smile
"The person that's always talkin', you don't have to worry about that person. The person that while you're in his face, he's just lookin' at you with a smile on his face, that's the guy you worry about.",Michael Clarke Duncan,smile
I wanted to do another movie that could make us laugh and cry and feel good about the world. I wanted to do something else that could make us smile. This is a time when we need to smile more and Hollywood movies are supposed to do that for people in difficult times.,Steven Spielberg,smile
"There's nothing I value more than the closeness of friends and family, a smile as I pass someone on the street.",Willie Stargell,smile
I think luck is the sense to recognize an opportunity and the ability to take advantage of it... The man who can smile at his breaks and grab his chances gets on.,Samuel Goldwyn,smile
Being in a rock band is about touring. It's about writing songs and it's about making records but it's also about taking a wonderful smile onto that stage and making the people feel good about themselves.,James Young,smile
"You take away all the other luxuries in life, and if you can make someone smile and laugh, you have given the most special gift: happiness.",Brad Garrett,smile
Don't write anything you can phone. Don't phone anything you can talk. Don't talk anything you can whisper. Don't whisper anything you can smile. Don't smile anything you can nod. Don't nod anything you can wink.,Earl Long,smile
Humour is the weapon of unarmed people: it helps people who are oppressed to smile at the situation that pains them.,Simon Wiesenthal,smile
"If you're able to help some people and make them smile and make them realize that life is good, then that's worth so much more than buying a pair of shoes.",Maria Sharapova,smile
"Acting is a sense of wonder and magic and mystery for me and when life takes me on a new journey, I simply remember the smile my first ballet recital put on my face and I move forward.",Andrea Thompson,smile
It's inspirational to see someone who is dying smile.,Arlen Specter,smile
"Whenever I run into prejudice. I smile and feel sorry for them, and I say to myself, There's one more argument for birth control.",Freddy Fender,smile
Smile in the mirror. Do that every morning and you'll start to see a big difference in your life.,Yoko Ono,smile
"He taught me never to smile, which helps me when I visit disaster sites.",Emo Philips,smile
Everyone looks so much better when they smile.,Jimmy Fallon,smile
"You know, I've got wrinkles on my forehead and smile lines, but what's wrong with that? I love to smile.",Jennifer Aniston,smile
"Nobody needs a smile so much as the one who has none to give. So get used to smiling heart-warming smiles, and you will spread sunshine in a sometimes dreary world.",Lawrence G. Lovasik,smile
Better by far you should forget and smile than that you should remember and be sad.,Christina G. Rossetti,smile
"What do I like in a girl? I like a girl that likes me, a girl that knows how to smile and see the bright side of things. A girl that makes me a better person.",James Lafferty,smile
"Being funny is one of my greatest strengths. I can make girls smile when they're down, and when they're having a good time, I can carry on the joke.",John Krasinski,smile
The man who can smile when things go wrong has thought of someone else he can blame it on.,Robert Bloch,smile
"As long as you smile, have sparkly eyes and stick your shoulders back, nobody's going to notice your bum or your waist or your feet, for that matter.",Cat Deeley,smile
"The appreciative smile, the chuckle, the soundless mirth, so important to the success of comedy, cannot be understood unless one sits among the audience and feels the warmth created by the quality of laughter that the audience takes home with it.",James Thurber,smile
"I don't mind a little Sturm und Drang. When I was doing 'Riding in Cars With Boys,' I wouldn't smile at anybody, because my character, Bev, was angry at the world. I'm the opposite. Inside my head I'd be like, God, I'll explain to you at the end of shooting that I'm not this person.",Drew Barrymore,smile
"If you walk down the street and smile at someone, that will get passed on to the next person. That has the power to change someone's day.",Julianna Margulies,smile
"I believe that when you put a smile out there, you get a smile back.",Heidi Klum,smile
"Later in my life, I'm going to look back and smile and be very fulfilled. I know that if I don't give it my all right now I'll regret it later. That's very important to me, because I've worked all my life to have this.",Shania Twain,smile
"Religion can emerge in all forms of feeling: here wild anger, there the sweetest pain here consuming hatred, there the childlike smile of serene humility.",Karl Wilhelm Friedrich Schlegel,smile
I think Led Zeppelin must have worn some of the most peculiar clothing that men had ever been seen to wear without cracking a smile.,Robert Plant,smile
It is boorish to live ungraciously: the giving is the hardest part what does it cost to add a smile?,Jean de la Bruyere,smile
"I was walking around legally blind. Now I have 20-20 vision. I can't believe I spent so many years blurry, but I think that coincides with how I was feeling. Now I notice if people are watching me, but I also smile right back if someone waves, which helps.",Nicole Kidman,smile
"Remember that it is not enough to abstain from lying by word of mouth for the worst lies are often conveyed by a false look, smile, or act.",Abraham Cahan,smile
"I never smile when I have a bat in my hands. That's when you've got to be serious. When I get out on the field, nothing's a joke to me. I don't feel like I should walk around with a smile on my face.",Hank Aaron,smile
"Smiles come naturally to me, but I started thinking of them as an art form at my command. I studied all the time. I looked at magazines, I'd practice in front of the mirror and I'd ask photographers about the best angles. I can now pull out a smile at will.",Tyra Banks,smile
Allowing yourself to smile takes 99% of the effort.,Simon Travaglia,smile
"Go, forget me - why should sorrow, O'er that brow a shadow fling? Go, forget me - and tomorrow, brightly smile and sweetly sing. Smile - though I shall not be near thee Sing - though I shall never hear thee.",Charles Wolfe,smile
"To be able to throw one's self away for the sake of a moment, to be able to sacrifice years for a woman's smile - that is happiness.",Hermann Hesse,smile
"When I take my kids out for dinner or lunch, people smile at us.",Louis C. K.,smile
I truly believe my job is to make sure people smile.,Shahrukh Khan,smile
It takes a man to suffer ignorance and smile.,Sting,smile
"There is not a soul who does not have to beg alms of another, either a smile, a handshake, or a fond eye.",Lord Acton,smile
Just because a situation is grim doesn't mean you don't have every right to smile.,Rashida Jones,smile
"Comedy, we may say, is society protecting itself - with a smile.",J. B. Priestley,smile
I've had to learn to fight all my life - got to learn to keep smiling. If you smile things will work out.,Serena Williams,smile
"When I came into office, people said, 'Billionaire? How do they live? What do they eat? How do they sleep?' Today, they see me on the subway coming uptown. A couple of people say hi, some people smile and nod. Some people just sleep. It's not an issue.",Michael Bloomberg,smile
Knowledge is going to make you stronger. Knowledge is going to let you control your life. Knowledge is going to give you the wisdom to teach their children. Knowledge is the thing that makes you smile in the face of disaster.,Avery Brooks,smile
A smile costs about $240.,Roma Downey,smile
"Ostensibly rigorous and realistic, contemporary conservatism is an ideology of denial. Its symbol is a smile button.",Christopher Lasch,smile
Laughter is regional: a smile extends over the whole face.,Malcolm De Chazal,smile
"I don't know what I would have done without believing in God. His support gives me power and energy to continue to be optimistic, to smile, not to be depressed. Sometimes, if things are not going so well, I don't cry. I say maybe it's meant to be.",Ofra Haza,smile
"Clinton's hands remain incredibly clean, don't they, and Tony Blair's smile remains as wide as ever. I view these guises with profound contempt.",Harold Pinter,smile
I love a girl that can make me laugh. I am not really a laugh-at-things type of guy and I don't smile and laugh all the time... But if a girl can make me laugh... I'm in love!!!!,Jesse McCartney,smile
"It scares you: all the noise, the rattling, the shaking. But the look on everybody's face when you're finished and packing, it's the best smile in the world and there's nobody hurt, and the well's under control.",Red Adair,smile
People need to understand that the Lauryn Hill they were exposed to in the beginning was all that was allowed in that arena at the time. I had to step away for the sake of the machine. I was being way too compromised. I felt uncomfortable having to smile in someone's face when I really didn't like them or know them well enough to like.,Lauryn Hill,smile
"God blessed me with two unbelievable parents, and I am just like both of them. I have the smile and charisma of my mother and the big heart of my mom, because she wants to save the world and help the world, so I am just like her.",Magic Johnson,smile
"So, my style has hopefully changed over the years and it is more relaxed, and I do tend to smile and have more than one expression these days hopefully - which I didn't at the beginning.",Jo Brand,smile
"Tears are sometimes an inappropriate response to death. When a life has been lived completely honestly, completely successfully, or just completely, the correct response to death's perfect punctuation mark is a smile.",Julie Burchill,smile
"You can always tell folks from nonfolks. Folks like to feel good, like to smile for the camera when there's a big photo opportunity for a really good cause.",Russell Baker,smile
"We've been trained since kindergarten: Be nice, be kind, share, put on a smile. So we're conditioned to squash our natural selfish instincts, and that's the right thing for society.",Bryan Cranston,smile
"When onstage, I always try to take my audience through as many emotions as I possibly can. I want them to go from laughter to tears, be shocked and surprised and walk out the door with a renewed sense of themselves - and maybe a smile.",Reba McEntire,smile
"First, I want to pay tribute to Diana myself. She was an exceptional and gifted human being. In good times and bad, she never lost her capacity to smile and laugh, nor to inspire others with her warmth and kindness. I admired and respected her - for her energy and commitment to others, and especially for her devotion to her two boys.",Queen Elizabeth II,smile
In politics you learn to always smile.,Eliot Spitzer,smile
"When trying to remember my share in the glow of the eternal present, in the smile of God, I return to my childhood, too, for that is where the most significant discoveries turn up.",Herman Hesse,smile
You know when someone's over-flattering you in a way. You smile but you can't believe it.,Laura Linney,smile
The catch phrase for the day is 'Do an act of kindness. Help one person smile.',Harvey Ball,smile
"Usually, if you smile at them and show some interest in the toy, they will give it to you. That's a straight up Democrat move!",Margaret Cho,smile
We smile at the ignorance of the savage who cuts down the tree in order to reach its fruit but the same blunder is made by every person who is over eager and impatient in the pursuit of pleasure.,William Ellery Channing,smile
"Crowds are the most difficult thing for me these days because I have to walk with my head down and my eyes averted. There's still that part of me that wants to hold my head up, make eye contact and smile.",Cameron Diaz,smile
"If you want to meet a woman, it's best just to smile and say hi.",Karen McDougal,smile
"Smile, it's better than a poke in the eye.",Douglas Horton,smile
"Reproof on her lip, but a smile in her eye.",Samuel Lover,smile
Smile at a stranger. See what happens.,Patti LuPone,smile
The number-one job of the hedge-fund manager is not to make sure that you can retire with a smile on your face - it's for him to retire with a smile on his face.,Mark Cuban,smile
"We forget that this music, music made by my brothers and sisters, is still a baby. It's just beginning. When I think of the possibilities, it makes me smile.",Barry White,smile
"If I go into a sandwich shop or anywhere that features 'Today's specials' on a chalkboard more than 10 feet away, I have to ask for a printed menu. I smile at people I don't know on the street and ignore those I do. When at home, I often find myself grabbing my 'back-up' glasses to search for the better-loved pair I have left on top of my dresser.",Sloane Crosley,smile
"Smiling is very important. If we are not able to smile, then the world will not have peace. It is not by going out for a demonstration against nuclear missiles that we can bring about peace. It is with our capacity of smiling, breathing, and being peace that we can make peace.",Nhat Hanh,smile
"I try to greet my friends with a drink in my hand, a warm smile on my face, and great music in the background, because that's what gets a dinner party off to a fun start.",Ina Garten,smile
"I'm a car fanatic and each morning I wake up with a smile on my face, whether I'm commentating on the Formula One or at Silver Hatch racetrack in Roary the Racing Car.",Murray Walker,smile
What looks like enjoyment is the sneer of contempt. That's not a smile.,Jack Kevorkian,smile
"Oh, the summer night, Has a smile of light, And she sits on a sapphire throne.",Barry Cornwall,smile
Those who weep recover more quickly than those who smile.,Jean Giraudoux,smile
"Beauty comes from a life well lived. If you've lived well, your smile lines are in the right places, and your frown lines aren't too bad, what more do you need?",Jennifer Garner,smile
"My mother is a big believer in being responsible for your own happiness. She always talked about finding joy in small moments and insisted that we stop and take in the beauty of an ordinary day. When I stop the car to make my kids really see a sunset, I hear my mother's voice and smile.",Jennifer Garner,smile
"A man can be drawn across the room with the simplicity of a smile. That's why your pearly whites should always be straight and shiny. I think most of my clients are drawn to a fun, flirty nature in a woman. The problem is, most women do not often feel fun and flirty.",Patti Stanger,smile
"I'm as happy a man as any in the world, for the whole world seems to smile upon me!",Samuel Smiles,smile
"But with exquisite breathing you smile, with satisfaction of love, And I touch you again as you tick in the silence and settle in sleep.",Karl Shapiro,smile
"Country music in the mid-'90s was a big influence on my career, and I played all the songs that are referenced in ''94' back in my club days. Joe Diffie was rocking a sick mullet, and he was hotter than ever... just putting out monster hit after monster hit. It totally takes me back to those days, and it makes me smile every time I hear it.",Jason Aldean,smile
"I think I've always had a certain amount of skepticism of this whole 'shut up and smile' theory. I haven't ever swallowed that pill so easily, although I tried.",Amber Heard,smile
"The bat is gone, but the smile remains.",Willie Stargell,smile
"Well, there's nothing more touching than putting a smile on a kid's face when you can.",Emma Roberts,smile
And History will smile to think that this is the species for which Socrates and Jesus Christ died.,Julien Benda,smile
The coolest part about seeing a girl wear something comfortable is the smile that you can just feel coming through from inside her.,Kellan Lutz,smile
"I had ordered long legs, but they never arrived. My eyes are weird too, one is gray and the other is green. I have a crooked smile and my nose looks like a ski slope. No, I would not win a Miss contest.",Jane Seymour,smile
I never get tired of smiling. I'm just the kind of guy who likes to smile.,Jason Ritter,smile
"Sometimes your joy is the source of your smile, but sometimes your smile can be the source of your joy.",Nhat Hanh,smile
"I am trying to inspire people to just take control of their oral health, because if we don't take care of our oral health, it affects so many different aspects of our lives. If your smile and mouth is not together, it affects your relationship, your self-esteem, your health.",Sherri Shepherd,smile
"I never laugh or smile when I am writing. When I come home for lunch after writing all morning, my wife says I look like I just came home from a funeral. This is not bragging. This is an illness.",Carl Hiaasen,smile
"You see, with me, when I'm nervous, I smile and laugh.",Paula Radcliffe,smile
"I'm a very outgoing person. I'm always happy, I'm one of those people who are always smiling. If somebody described me to somebody else, they'd say the kid with the curly hair with the big smile on his face. I get along with everybody.",Corbin Bleu,smile
My mother-in-law speaks not a word of English. I speak not a word of Tajiki. So I smile at her ingratiatingly and she fixes me with a beady eye.,Wilbur Smith,smile
A beautiful person is someone who stays true to themselves and their spirit someone who is self-confident and can make you smile.,Helena Christensen,smile
"One of the most important responsibilities in the Christian life is to care about others, smile at them, and be a friend to the friendless.",James Dobson,smile
"I've never missed a gig yet. Music makes people happy, and that's why I go on doing it - I like to see everybody smile.",Buddy Guy,smile
There's no damn business like show business - you have to smile to keep from throwing up.,Billie Holiday,smile
I just want to show the fans my big smile and play the game that I love.,Yani Tseng,smile
I like to smile. I smile even when I'm nervous since it calms me down and shows my friendliness.,Yani Tseng,smile
"In masks outrageous and austere, The years go by in single file But none has merited my fear, And none has quite escaped my smile.",Elinor Wylie,smile
Nothing beats a great smile.,Karl Urban,smile
"When Whitney Houston died, I felt great sadness. My sadness, of course, was about our collective loss - when you listened to this nightingale sing, your body would drop into a chair, your head would tilt up, a small smile would creep across your face, and inside you knew that there was a higher power somewhere: gifted, beautiful, spiritual.",James Belushi,smile
"It is clear I was never the Pretty Girl. I had my two front teeth knocked out when I was 10 and didn't fix them until I was 19. I have a crooked smile and a nose that looks like it's been broken 12 times but never has been. My nose was always red, so people called me Rudolph. My whole face is off-center.",Ellen Barkin,smile
I feel like a little kid who just walked into a candy store. I think that's something to smile about.,Brandon Boyd,smile
Young women from a very young age are taught that life will be easier if you can just turn on the charming smile and say very little and be complacent and docile and sweet.,Amber Heard,smile
"Whereas I used to get depressed or neurotic or dwell on things, I see my son's bright eyes and smile in the morning, and suddenly, I don't feel like I'm depressed anymore. There's nothing to be depressed about when you've got that.",Corey Feldman,smile
Many people say I smile more in Africa than in Sweden.,Henning Mankell,smile
"I just sing the stuff that makes me smile, makes me feel like I didn't sell myself out.",Patti LaBelle,smile
Most smiles are started by another smile.,Frank A. Clark,smile
We're teaching our kids that attributes as vague and relatively meaningless as a toothy smile or a fine head of hair make a fine statement about a person.,Neil Cavuto,smile
"You know, there's nothing like seeing the smile on my kids' faces. Laughing together. Playing. It's the best.",Mark Wahlberg,smile
"The Viennese wash everything. Where else in the world does the government hire public servants to wash public telephone booths and the glass over traffic lights? Every time I see someone doing these things, I smile like a child.",Jonathan Carroll,smile
"I suffered from post-natal depression after Rowan was born. I had a healthy, beautiful baby girl and I couldn't look at her. I couldn't hold her, smile at her. All I wanted was to disappear and die.",Brooke Shields,smile
Bob Dylan has always sealed his decisions with the unexplainable. His motives for withholding the release of the magnificent 'Basement Tapes' will be as forever obscure as Brian Wilson's reasons for the destruction of the tapes for 'Smile.',Jon Landau,smile
"I get very nervous whenever I think about it. I've never done a serious play, and I have such awe of the woman - she's really my only idol. It's going to be a big stretch - certain people come out on stage and your face muscles automatically tense and you get ready to smile.",Judy Holliday,smile
If the Starbucks secret is a smile when you get your latte... ours is that the Web site adapts to the individual's taste.,Reed Hastings,smile
"When you're walking down the street, or you're at a restaurant, someone catches your eye because they have their own look. It goes way beyond what they're wearing - into their mannerisms, the way they smile, or just the way they hold themselves.",Mary-Kate Olsen,smile
They gave each other a smile with a future in it.,Ring Lardner,smile
"It takes both courage and talent to stand up in front of fellow human beings and make them crack a smile, and at the same time keep it clean.",Ray Comfort,smile
You're never fully dressed without a smile.,Martin Charnin,smile
Playing hard to get is not the way to win me over. I'm definitely more for the girl who can smile and laugh all the time and just have a good time!,Taylor Lautner,smile
I get really frustrated if people don't smile.,Sophie Ellis-Bextor,smile
I hoped I could make people smile and laugh and have a good time.,Carson Kressley,smile
"Jessica Simpson is the youth ambassador for Operation Smile, and an episode of The Apprentice featured a team managing a charity concert she put on. Donald Trump came on stage and pledged a donation.",Roma Downey,smile
"I love a man with a great sense of humor and who is intelligent - a man who has a great smile. He has to make me laugh. I like a man who is very ambitious and driven and who has a good heart and makes me feel safe. I like a man who is very strong and independent and confident - that is very sexy - but at the same time, he's very kind to people.",Nicole Scherzinger,smile
"Right now, I'm following the Buddhist principle: Smile as abuse is hurled your way and this too shall pass.",Aishwarya Rai,smile
"No, I like to wear as least amount of makeup as I can during my everyday life because I'm just all about keeping my skin healthy and hydrated and I love to laugh and have a great time and smile - that's when I feel the most pretty so I just want to make sure that I stay happy.",Lily Collins,smile
"I retire with a smile on my face, in good health, and ready to spend autumns at my kids' games instead of my own. I'm excited to start the next chapter of my life.",Drew Bledsoe,smile
"For me, I think the Lord wanted me to win to put a smile on Chinese people's faces.",Michael Chang,smile
"I watched Gene Kelly for his smile, for his energy. Vittorio Gassman for his movement. Clark Gable for his mustache. And I watched Lassie who was happy as a dog.",Jean Dujardin,smile
My first experiences of academic friendship made me smile in after years when I looked back on them. But my circle of acquaintances had gradually grown so large that it was only natural new friendships should grow out of it.,Georg Brandes,smile
People always say golfers don't smile. But there is so much psychology in golf so we have to be a bit robotic.,Lee Westwood,smile
"I'd much rather have sat there and just been a fly on the wall, instead of having to smile at people. I'd rather have been a waitress. Just gone round and stared at people.",Jennifer Saunders,smile
"May Heaven be propitious, and smile on the cause of my country.",Zebulon Pike,smile
"I know virtually no one of my age who can remember a hug, or a smile from their father, or a 'Let's go play football.'",Peter Mullan,smile
"I always said that if I could just find a guy who could chop wood and had a nice smile, it wouldn't bother me if he was a thug or an aristocrat, as long as he was a good guy. And I've ended up with an educated thug.",Sade Adu,smile
Nothing you wear is more important than your smile.,Connie Stevens,smile
"Virtue is not photogenic. What is it to be a nice guy? To be nothing, that's what. A big fat zero with a smile for everybody.",Kirk Douglas,smile
But I am convinced that those Jews who stand aside today with a malicious smile and with their hands in their trousers' pockets will also want to dwell in our beautiful home.,Theodor Herzl,smile
The smile of God is victory.,John Greenleaf Whittier,smile
I like to smile when its natural. I'm not mad or anything. That's my style.,Jesse McCartney,smile
"I travel around the world, experiencing every language, every religion... some places where there's just no reason to smile, because their lives are so difficult.",Lionel Richie,smile
"And I like the look on people's faces when I say I'm doing this movie called Pride and Prejudice and they kind of smile, and then I say I'm in a movie called Doom and they kind of do a double take and try and put the two things together. And they never quite manage to.",Rosamund Pike,smile
If I went to them all dressed up and flashed a nice smile for the cameras it would probably be easier for me to get work. But I just can't tolerate it.,Charlie Hunnam,smile
"A simple compliment goes a really long way - for a guy to just come over and say, 'You have great hair' or 'I really like your dress,' and then just smile and walk away. That's a great move, because he's sort of putting himself out there by doing that, but it won't lead to any embarrassment if the girl isn't interested.",Stacy Keibler,smile
The same people who smile in my face would be the same ones to talk behind my back.,Timbaland,smile
"When I see these young girls who are dreaming the dream that I'm living, it's very very exciting and it puts a big smile on my face.",Sue Wicks,smile
"I love a good laugh as well, I think that's so important in life, which is probably why I've dabbled in comedy writing as well as horror. I think if you can make someone laugh or smile it's the most special thing in the world.",Paul Kane,smile
"You get somebody to crack a smile, that's a beautiful thing.",Tracy Morgan,smile
"The essence of life is the smile of round female bottoms, under the shadow of cosmic boredom.",Guy de Maupassant,smile
His smile is like the silver plate on a coffin.,John Philpot Curran,smile
"We sometimes laugh from ear to ear, but it would be impossible for a smile to be wider than the distance between our eyes.",Malcolm De Chazal,smile
"We have such a long, familiar history with Peter Falk. The minute his mug is on that screen people smile.",Paul Reiser,smile
Southerners smile more than other Americans.,John Shelton Reed,smile
"We tried to set up a company that patterned ourselves after Southwest in all the fun, the spirit, the great people, the smile, the efficiency side of it, but we've added some extras that people aren't used to finding on Southwest.",David Neeleman,smile
"I think people are sick and tired of all the abuse songs, and drug addiction, we want to bring to world a big fat smile.",Steve Brown,smile
"Sometimes Queens' music is dark, but somehow it's ok to deliver it with a smile on your face because thing's are still going to kick in.",Joshua Homme,smile
My big running discovery was around Stanley Park in Vancouver. Miss it. That's a six-mile loop. Now I smile when I get four miles done. Age is a beast.,Michael Weatherly,smile
"I think ultimately I make people happy: Whether I'm doing the stage show, giving somebody a makeover, or designing clothing, the end goal is to make people smile.",Carson Kressley,smile
"I think Operation Smile is in more than 22 countries, mostly Third World. It just happened that my schedule opened up at the time they were heading to Vietnam.",Roma Downey,smile
"I sat in at every club in New York City, jamming with musicians, because it felt right - and because it felt right and we were having fun - the people dancing and sipping their drinks in the clubs felt it too and it made them smile.",Ray Conniff,smile
"We never respect those who amuse us, however we may smile at their comic powers.",Marguerite Gardiner,smile
"When you see that many people with a smile on their face, then you must be doing something right.",Greg Norman,smile
"She felt like a chess player who, by the clever handling of his pieces, sees the game taking the course intended. Her eyes were bright and tender with a smile as they glanced up into his and her lips looked hungry for the kiss which they invited.",Kate Chopin,smile
"If you force yourself to smile, within a couple minutes, you feel happy.",Dean Norris,smile
"Arnold Palmer has what I call an 'Eisenhower smile'. Those two men, they'd smile and their whole faces would look so pleasant it was like they were smiling all over.",Byron Nelson,smile
I smile so much at the theater my face hurts when I leave.,Heather Matarazzo,smile
"Even if you're unhappy, just pretend that you're happy. Eventually, your smile will be contagious to yourself. I had to learn that. I used to think, 'I'm being fake,' but you know what? Better to be fake and happy than real and miserable.",Evangeline Lilly,smile
"While you're improvising, you may come up with something which will break him up. As soon as that smile comes out, you know that, hey, we're having fun.",Shelley Berman,smile
"People ask me to smile for the camera, but somehow it always comes out gloomy.",Stephen Rea,smile
"I've told several writers this, and, again, I get back to it, but if you want to make God smile, tell him your plans.",Vin Scully,smile
"When I see myself on film it makes me smile, I mean making a good living doing what I enjoy is soo much fun. I just hope that everyone has the chance to enjoy life like I do.",Adrienne Barbeau,smile
"I don't really remember a time younger than 5 years old that I didn't have skates on because all I can remember is every day, tying up my skates and a big smile on my face, excited to go on the ice.",Michelle Kwan,smile
I can sing and dance. I can smile - a lot.,Chris Colfer,smile
"The greatest self is a peaceful smile, that always sees the world smiling back.",Bryant McGill,smile
I wake up each and every day with a smile on my face knowing I get to do something musically.,Two Chainz,smile
"I've never wanted anybody to like me because I had long hair or short hair, or that they liked the way I dressed or they liked the way I dressed or they liked the way I smile.",David Allan Coe,smile
"I'm positive and I smile a lot, and I'm kind of a banana, but serious work just seems to find me, so I'm not going to argue with it.",Mireille Enos,smile
"I've covered a lot of ground geographically and emotionally and for years I lost my connection with my family. But the best comfort you can have, whether you are on the phone or sitting there in the living room with them, is with your parents, and to me family has always meant protection. When you smile you get a smile back, unconditionally.",Brigitte Nielsen,smile
"The smile on your face lets me know that you need me, there's a truth in your heart that says you'll never leave me, and the touch of your hand says you'll catch me whenever I fall.",Allison Krauss,smile
People smile at me as if they know me. I just smile back. They probably might know me.,Jim Broadbent,smile
"Get up and dance, get up and smile, get up and drink to the days that are gone in the shortest while.",Simon Fowler,smile
"I will know how to hold you just by the look in your eye, I will never forget - not even on the day that I die. This is a promise of my passion for you, smile at me and make it true.",Diana Lynn,smile
"A game one of my sisters will play with me in my first year of being alive is called Good Baby, Bad Baby. This consists of being told I am a good baby until I smile and laugh, then being told I am a bad baby until I burst into tears. This training will stand me in good stead all through my life.",Ali Smith,smile
"Bjorn was a different breed, I threw my best material at him, but he would never smile, but that added to the charm when he played me and Mac. We were going nuts and losing our mind and he was sitting back like he was on a Sunday stroll.",Jimmy Connors,smile
"I always challenge myself. I get out in deep water and I always try to get back. But I get hung up. The audience never knows, but that's when I smile the most, when I show the most ivory.",Earl Hines,smile
"Operationally, God is beginning to resemble not a ruler but the last fading smile of a cosmic Cheshire cat.",Julian Huxley,smile
I love the live performances and Las Vegas. I also like making films that are being discovered by another generation. Having been a teen idol of the '60s is great because you realize you left your generation with a smile and good memories.,Connie Stevens,smile
"In my whole career, I've never seen this type of race that you had to wait for the last day. There's so many teams that are involved. You've got to smile because we're in it.",David Wells,smile
"I don't know why my smile has become a signature pose. I think it's a nice change. I think people want to see happiness, so a smile is what can bring that. I didn't make it my trademark on purpose.",Arizona Muse,smile
There is no point to samba if it doesn't make you smile.,Alma Guillermoprieto,smile
"I think the deafness affects me more than I realise I think it makes me more tired. I loathe parties. I attend, smile and leave.",Stephanie Beacham,smile
I enjoy what Twitter is because I can really connect with the fans and it's a great way to share information with them and it's also a great way to entertain. I like being able to put a smile on people's faces and letting them know what I'm doing.,Peter Facinelli,smile
People who keep stiff upper lips find that it's damn hard to smile.,Judith Guest,smile
"We may smile at these matters, but they are melancholy illustrations.",Joseph Howe,smile
"I hope there have been times when I made you all proud, or made you all smile or at least piqued your interest in this wonderful institution we call government.",John Rowland,smile
"I like guys with a nice smile. I know it's cliche, but it's so true! I like a guy with a nice smile and nice eyes.",Rebecca Black,smile
"Some people know that they are so adorable looking, all they have to do is smile and dress up and they get plenty from that. Then there are some of us who, early on, see that that doesn't work. So we joke about it.",Merrill Markoe,smile
"It is spectacular. From about five minutes in, when we knew for sure that we were going to have the weather to go, the smile on my face just got bigger and bigger, and I was just beaming through the whole launch. I mean, it is just an amazing ride.",Chris Hadfield,smile
"I do love to walk around in New York because people will notice me, smile, but they never bother anyone. New Yorkers are very cool. I love New York.",Creed Bratton,smile
I don't remember ever deciding to become a performer. I just always was. I began performing by mimicking the performers on the new television that first took the attention away from me as the baby of the household. I continued performing to put a smile on my grandmother's face and always considered her when accepting or declining roles.,T'Keyah Crystal Keymah,smile
I like outgoing girls with a lovely smile and beautiful eyes.,Corbin Bleu,smile
I love to smile.,Inge de Bruijn,smile
"It's been a hard time to celebrate, to come out with a smile. But I'm an American. Naomi asked me to come out to support other Americans, and here I am.",Angie Everhart,smile
"I figured out, I guess, that the job just makes me happy if it's not number one. So if it all works, great. If it doesn't, I still go home, look at my kids, and I have a big smile on my face.",Thomas Kretschmann,smile
If you're going to kill someone there isn't much reason to get all worked up about it and angry - you just pull the trigger. Angry discussions beforehand are a waste of time. We need to smile at Novell while we pull the trigger.,Jim Allchin,smile
"When life takes me on a new journey, I simply remember the smile my first ballet recital put on my face and I move forward.",Andrea Thompson,smile
I just smile. And they - my opponents don't like it when I smile at them. They think I'm playing or something. But - like I smile throughout the whole fight. Sometimes I'll be throwing combinations and I just smile and stick my tongue out at them.,Rau'Shee Warren,smile
"If you meet a woman in a burqa, she can't reply to your smile. It's a denial of identity.",Jean-Francois Cope,smile
"The people of Liberia know what it means to be deprived of clean water, but we also know what it means to see our children to begin to smile again with a restoration of hope and faith in the future.",Ellen Johnson Sirleaf,smile
"No one is so completely disenchanted with the world, or knows it so thoroughly, or is so utterly disgusted with it, that when it begins to smile upon him he does not become partially reconciled to it.",Giacomo Leopardi,smile
You have to promote yourself you have to have this smile on your face all the time and be this nice guy - which I am!,Craig Roberts,smile
The Parthenon without the marbles is like a smile with a tooth missing.,Neil Kinnock,smile
"The weaker the country, the stronger the smile.",Howard Koch,smile
I wake up every day with a smile on my face.,Henry Ian Cusick,smile
"I try to make people smile and dance, not think about things or educate them.",Norman Cook,smile
"Ever since I was four years old, I loved making people smile, making them think, making them feel good, feel some kind of emotion.",Ann-Margret,smile
"When you walk into a room, a healthy, beautiful smile is incredibly important.",Susan Anton,smile
"You see some of these actors, they have a permanent smile on their face. How can they do that? It really fascinates me.",Agnes Bruckner,smile
"Tell me not of joy: there's none Now my little sparrow's gone He, just as you, Would toy and woo, He would chirp and flatter me, He would hang the wing awhile, Till at length he saw me smile, Lord! how sullen he would be!",William Cartwright,smile
"I made a circle with a smile for a mouth on yellow paper, because it was sunshiny and bright.",Harvey Ball,smile
"Comrades, this man has a nice smile, but he's got iron teeth.",Andrei A. Gromyko,smile
I just want to make people smile.,Julie Garwood,smile
"You keep shooting. You hope it goes in, and you smile.",Teemu Selanne,smile
"When you consider all the stars I have managed, mere submarines make me smile.",Charles Frohman,smile
"Oh, the ignorance of us upon whom Providence did not sufficiently smile to permit us to be born in New England.",Horace Porter,smile
Ascetics and fakirs come to mitigate human suffering to heal us and lead us on the path. They put up with criticism they go through many worldly trials. Some of them have even become martyrs for our sake. But they have done all this with a smile and with gratitude to God. Hence sacrifice is a great virtue.,Sadhu Vaswani,smile
"We ought to be beating our chests every day. We ought to look in the mirror, stick out our chests, suck in our bellies, and say, 'Damn, we're Americans,' and smile.",Jay Garner,smile
"When Fortune smiles, I smile to think how quickly she will frown.",Robert Southwell,smile
"Beautiful isle of the sea, Smile on the brow of the waters.",George Cooper,smile
"My friends and family, especially my mom and dad, are always saying I should smile more.",Dillon Casey,smile
"In junior high school, I was an object of pure ridicule for my dress, withdrawal, and asocial manner. Dozens of times, I saw individuals laugh and smile more in ten to fifteen minutes than I did in all my life up to then.",Arthur Bremer,smile
